,0
0,L0_S0_F0
1,L0_S0_F2
2,L0_S0_F4
3,L0_S0_F6
4,L0_S0_F8
5,L0_S0_F10
6,L0_S0_F12
7,L0_S0_F16
8,L0_S0_F18
9,L0_S0_F20
10,L0_S1_F24
11,L0_S1_F28
12,L0_S2_F36
13,L0_S2_F44
14,L0_S2_F48
15,L0_S2_F60
16,L0_S2_F64
17,L0_S3_F72
18,L0_S3_F80
19,L0_S3_F84
20,L0_S3_F96
21,L0_S3_F100
22,L0_S4_F104
23,L0_S4_F109
24,L0_S5_F114
25,L0_S5_F116
26,L0_S6_F122
27,L0_S6_F132
28,L0_S7_F138
29,L0_S7_F142
30,L0_S9_F155
31,L0_S9_F160
32,L0_S9_F165
33,L0_S9_F170
34,L0_S9_F180
35,L0_S10_F219
36,L0_S10_F224
37,L0_S10_F234
38,L0_S10_F244
39,L0_S10_F254
40,L0_S10_F259
41,L0_S11_F286
42,L0_S11_F290
43,L0_S11_F294
44,L0_S11_F314
45,L0_S11_F326
46,L0_S12_F330
47,L0_S12_F332
48,L0_S12_F334
49,L0_S12_F346
50,L0_S12_F348
51,L0_S12_F350
52,L0_S13_F354
53,L0_S13_F356
54,L0_S14_F370
55,L0_S14_F374
56,L0_S14_F386
57,L0_S14_F390
58,L0_S15_F397
59,L0_S15_F403
60,L0_S15_F406
61,L0_S15_F415
62,L0_S16_F421
63,L0_S16_F426
64,L0_S17_F431
65,L0_S18_F449
66,L0_S19_F455
67,L0_S19_F459
68,L0_S21_F477
69,L0_S21_F482
70,L0_S21_F512
71,L0_S21_F522
72,L0_S22_F556
73,L0_S22_F561
74,L0_S22_F586
75,L0_S22_F606
76,L0_S23_F623
77,L0_S23_F627
78,L0_S23_F631
79,L0_S23_F659
80,L0_S23_F663
81,L1_S24_F812
82,L1_S24_F816
83,L1_S24_F829
84,L1_S24_F867
85,L1_S24_F902
86,L1_S24_F1180
87,L1_S24_F1255
88,L1_S24_F1303
89,L1_S24_F1331
90,L1_S24_F1346
91,L1_S24_F1494
92,L1_S24_F1498
93,L1_S24_F1512
94,L1_S24_F1516
95,L1_S24_F1518
96,L1_S24_F1565
97,L1_S24_F1571
98,L1_S24_F1578
99,L1_S24_F1599
100,L1_S24_F1609
101,L1_S24_F1632
102,L1_S24_F1652
103,L1_S24_F1667
104,L1_S24_F1685
105,L1_S24_F1690
106,L1_S24_F1713
107,L1_S24_F1723
108,L1_S24_F1728
109,L1_S24_F1733
110,L1_S24_F1743
111,L1_S24_F1758
112,L1_S24_F1778
113,L1_S24_F1812
114,L1_S24_F1816
115,L1_S24_F1829
116,L1_S24_F1844
117,L1_S24_F1846
118,L1_S24_F1850
119,L1_S25_F1858
120,L1_S25_F1973
121,L1_S25_F2061
122,L1_S25_F2126
123,L1_S25_F2307
124,L1_S25_F2458
125,L2_S26_F3036
126,L2_S26_F3040
127,L2_S26_F3047
128,L2_S26_F3051
129,L2_S26_F3062
130,L2_S26_F3069
131,L2_S26_F3073
132,L2_S26_F3106
133,L2_S26_F3113
134,L2_S26_F3121
135,L2_S27_F3129
136,L2_S27_F3140
137,L2_S27_F3144
138,L2_S27_F3162
139,L2_S27_F3166
140,L2_S28_F3222
141,L3_S29_F3315
142,L3_S29_F3318
143,L3_S29_F3321
144,L3_S29_F3324
145,L3_S29_F3327
146,L3_S29_F3330
147,L3_S29_F3333
148,L3_S29_F3336
149,L3_S29_F3339
150,L3_S29_F3342
151,L3_S29_F3345
152,L3_S29_F3348
153,L3_S29_F3351
154,L3_S29_F3354
155,L3_S29_F3357
156,L3_S29_F3360
157,L3_S29_F3373
158,L3_S29_F3376
159,L3_S29_F3379
160,L3_S29_F3382
161,L3_S29_F3407
162,L3_S29_F3427
163,L3_S29_F3430
164,L3_S29_F3433
165,L3_S29_F3461
166,L3_S29_F3473
167,L3_S29_F3476
168,L3_S29_F3479
169,L3_S30_F3494
170,L3_S30_F3504
171,L3_S30_F3509
172,L3_S30_F3514
173,L3_S30_F3519
174,L3_S30_F3524
175,L3_S30_F3534
176,L3_S30_F3544
177,L3_S30_F3554
178,L3_S30_F3564
179,L3_S30_F3574
180,L3_S30_F3579
181,L3_S30_F3584
182,L3_S30_F3589
183,L3_S30_F3604
184,L3_S30_F3609
185,L3_S30_F3624
186,L3_S30_F3629
187,L3_S30_F3634
188,L3_S30_F3639
189,L3_S30_F3664
190,L3_S30_F3669
191,L3_S30_F3674
192,L3_S30_F3679
193,L3_S30_F3684
194,L3_S30_F3689
195,L3_S30_F3704
196,L3_S30_F3709
197,L3_S30_F3744
198,L3_S30_F3749
199,L3_S30_F3754
200,L3_S30_F3759
201,L3_S30_F3764
202,L3_S30_F3769
203,L3_S30_F3774
204,L3_S30_F3784
205,L3_S30_F3794
206,L3_S30_F3799
207,L3_S30_F3804
208,L3_S30_F3809
209,L3_S30_F3819
210,L3_S30_F3829
211,L3_S32_F3850
212,L3_S33_F3857
213,L3_S33_F3859
214,L3_S33_F3865
215,L3_S35_F3889
216,L3_S35_F3894
217,L3_S35_F3896
218,L3_S36_F3918
219,L3_S36_F3920
220,L3_S37_F3950
221,L3_S38_F3952
222,L3_S38_F3956
223,L3_S38_F3960
224,L3_S40_F3986
225,L3_S41_F4006
226,L3_S41_F4018
227,L3_S43_F4080
228,L3_S44_F4115
229,L3_S44_F4118
230,L3_S45_F4124
231,L3_S47_F4138
232,L3_S47_F4143
233,L3_S47_F4158
234,L3_S48_F4198
235,L3_S50_F4243
