0,L0_S0_F0
1,L0_S0_F2
2,L0_S0_F4
3,L0_S0_F6
4,L0_S0_F10
5,L0_S0_F12
6,L0_S0_F14
7,L0_S0_F16
8,L0_S0_F18
9,L0_S0_F20
10,L0_S0_F22
11,L0_S1_F24
12,L0_S1_F28
13,L0_S2_F36
14,L0_S2_F44
15,L0_S2_F60
16,L0_S3_F72
17,L0_S3_F80
18,L0_S3_F84
19,L0_S3_F96
20,L0_S3_F100
21,L0_S4_F109
22,L0_S5_F114
23,L0_S5_F116
24,L0_S6_F122
25,L0_S6_F132
26,L0_S7_F138
27,L0_S7_F142
28,L0_S9_F165
29,L0_S9_F180
30,L0_S10_F244
31,L0_S10_F249
32,L0_S11_F318
33,L0_S12_F334
34,L0_S12_F346
35,L0_S12_F350
36,L0_S13_F356
37,L0_S16_F421
38,L0_S17_F433
39,L0_S19_F459
40,L1_S24_F1520
41,L1_S24_F1581
42,L1_S24_F1604
43,L1_S24_F1632
44,L1_S24_F1667
45,L1_S24_F1685
46,L1_S24_F1723
47,L1_S24_F1844
48,L1_S24_F1846
49,L2_S26_F3040
50,L2_S26_F3051
51,L2_S26_F3106
52,L2_S26_F3121
53,L2_S27_F3144
54,L3_S29_F3315
55,L3_S29_F3318
56,L3_S29_F3321
57,L3_S29_F3324
58,L3_S29_F3327
59,L3_S29_F3330
60,L3_S29_F3333
61,L3_S29_F3336
62,L3_S29_F3339
63,L3_S29_F3342
64,L3_S29_F3345
65,L3_S29_F3348
66,L3_S29_F3351
67,L3_S29_F3354
68,L3_S29_F3357
69,L3_S29_F3367
70,L3_S29_F3373
71,L3_S29_F3376
72,L3_S29_F3379
73,L3_S29_F3382
74,L3_S29_F3385
75,L3_S29_F3388
76,L3_S29_F3395
77,L3_S29_F3401
78,L3_S29_F3407
79,L3_S29_F3421
80,L3_S29_F3424
81,L3_S29_F3427
82,L3_S29_F3430
83,L3_S29_F3433
84,L3_S29_F3436
85,L3_S29_F3439
86,L3_S29_F3442
87,L3_S29_F3452
88,L3_S29_F3455
89,L3_S29_F3458
90,L3_S29_F3461
91,L3_S29_F3473
92,L3_S29_F3476
93,L3_S29_F3479
94,L3_S29_F3482
95,L3_S30_F3494
96,L3_S30_F3499
97,L3_S30_F3514
98,L3_S30_F3519
99,L3_S30_F3524
100,L3_S30_F3534
101,L3_S30_F3544
102,L3_S30_F3554
103,L3_S30_F3574
104,L3_S30_F3579
105,L3_S30_F3584
106,L3_S30_F3589
107,L3_S30_F3604
108,L3_S30_F3609
109,L3_S30_F3624
110,L3_S30_F3629
111,L3_S30_F3634
112,L3_S30_F3639
113,L3_S30_F3644
114,L3_S30_F3649
115,L3_S30_F3664
116,L3_S30_F3669
117,L3_S30_F3674
118,L3_S30_F3679
119,L3_S30_F3684
120,L3_S30_F3689
121,L3_S30_F3704
122,L3_S30_F3709
123,L3_S30_F3744
124,L3_S30_F3749
125,L3_S30_F3754
126,L3_S30_F3759
127,L3_S30_F3764
128,L3_S30_F3769
129,L3_S30_F3774
130,L3_S30_F3784
131,L3_S30_F3794
132,L3_S30_F3799
133,L3_S30_F3804
134,L3_S30_F3809
135,L3_S30_F3819
136,L3_S30_F3829
137,L3_S32_F3850
138,L3_S33_F3855
139,L3_S33_F3857
140,L3_S33_F3859
141,L3_S33_F3865
142,L3_S34_F3882
143,L3_S35_F3889
144,L3_S35_F3896
145,L3_S36_F3920
146,L3_S36_F3924
147,L3_S38_F3952
148,L3_S48_F4196
